url,last_crawled,source
/%E3%80%8C%E3%81%8A%E3%81%B2%E3%81%95%E3%81%BE%E3%81%88%E3%82%93%E3%81%AE%E3%81%95%E3%81%8F%E3%82%89%E3%81%AE%E3%81%8D%E3%80%8D%E6%98%A5%E3%81%8B%E3%82%89%E5%85%A5%E5%9C%92%E3%81%99%E3%82%8B%E5%AD%90/,2026-03-01,gsc_soft404
/%E3%80%8C%E3%83%88%E3%83%A9%E3%81%AE%E3%81%98%E3%82%85%E3%81%86%E3%81%9F%E3%82%93%E3%81%AB%E3%81%AA%E3%82%8A%E3%81%9F%E3%81%8B%E3%81%A3%E3%81%9F%E3%83%88%E3%83%A9%E3%80%8D%EF%BD%9E%E4%B8%80%E7%94%9F/,2026-02-28,gsc_soft404
/%E3%80%8C%E5%AE%89%E3%83%BB%E6%A5%BD%E3%83%BB%E4%BD%9C%E3%80%8D%E3%81%A7%E3%82%A4%E3%83%99%E3%83%B3%E3%83%88%E9%87%91%E6%AC%A0%E3%82%92%E4%B9%97%E3%82%8A%E5%88%87%E3%81%A3%E3%81%A6/,2026-03-02,gsc_soft404
/%E3%80%8C%E8%A7%A6%E3%82%8C%E3%82%8B%E5%9B%B3%E9%91%91%E3%82%B3%E3%83%AC%E3%82%AF%E3%82%B7%E3%83%A7%E3%83%B3-%E3%81%A4%E3%81%8B%E3%82%81%E3%82%8B%E6%B0%B4%EF%BC%81%E3%80%8D/,2026-02-26,gsc_soft404
/%E3%81%8A%E3%81%97%E3%81%A3%E3%81%93%E3%81%8C%E9%A3%9B%E3%81%B3%E6%95%A3%E3%82%8B%EF%BC%81%EF%BD%9E%E7%94%B7%E3%81%AE%E5%AD%90%E3%81%AE%E6%82%A9%E3%81%BF%EF%BD%9E/,2026-03-31,gsc_soft404
/%E3%81%A9%E3%82%93%E3%81%90%E3%82%8A%E6%8B%BE%E3%81%84%E3%82%92%E9%80%9A%E3%81%97%E3%81%A6%E5%AD%A6%E3%82%93%E3%81%A0%E3%81%93%E3%81%A8%E3%83%BC%E3%81%A9%E3%82%93%E3%81%90%E3%82%8A%E3%83%9D%E3%82%B9/,2026-02-28,gsc_soft404
/%E3%82%A2%E3%83%B3%E3%83%91%E3%83%B3%E3%83%9E%E3%83%B3%E3%81%AE%E3%83%89%E3%82%AD%E3%83%89%E3%82%AD%E3%82%A2%E3%83%B3%E3%83%91%E3%83%B3%E3%83%81%EF%BC%81%E3%80%80%EF%BC%8D%E9%A0%86%E7%95%AA/,2026-02-28,gsc_soft404
/%E3%82%A4%E3%83%B3%E3%82%B9%E3%82%BF%E6%98%A0%E3%81%88%EF%BC%81%E8%B1%8A%E5%B7%9D%E5%B8%82%E3%80%8C%E5%A4%A7%E5%92%8C%E3%81%AE%E5%A4%A7%E3%81%84%E3%81%A1%E3%82%87%E3%81%86%E3%80%8D%E3%82%92%E8%A6%8B/,2026-02-28,gsc_soft404
/%E3%82%A4%E3%83%B3%E3%82%BF%E3%83%BC%E3%83%8D%E3%83%83%E3%83%88%E3%82%92%E5%AE%89%E5%85%A8%E3%81%AB%E4%BD%BF%E3%81%86%EF%BD%9E%E8%87%AA%E5%88%B6%E3%81%A8%E5%88%A4%E6%96%AD%E5%8A%9B%E3%81%8C%E5%87%BA/,2026-04-01,gsc_soft404
/%E3%82%B3%E3%82%B9%E3%83%88%E3%83%80%E3%82%A6%E3%83%B3%EF%BC%81%E3%83%86%E3%83%BC%E3%83%97%E5%BC%8F%E3%83%BB%E3%83%91%E3%83%B3%E3%83%84%E5%BC%8F%E3%80%80%E3%81%8A%E3%82%80%E3%81%A4%E3%81%AE%E4%BD%BF/,2026-03-02,gsc_soft404
/%E3%82%B3%E3%83%94%E3%83%BC%EF%BC%9A-%E5%80%8B%E6%80%A7%E3%82%92%E8%AA%8D%E3%82%81%E3%81%A6%E5%89%8D%E5%90%91%E3%81%8D%E3%81%AA%E6%B0%97%E6%8C%81%E3%81%A1%E3%82%92%E3%81%AF%E3%81%90%E3%81%8F%E3%82%80/,2026-02-28,gsc_soft404
/%E3%83%91%E3%83%91%E3%81%95%E3%82%93%E5%BF%85%E8%A6%8B%EF%BC%81%E6%84%9B%E7%9F%A5%E7%9C%8C%E5%85%90%E7%AB%A5%E7%B7%8F%E5%90%88%E3%82%BB%E3%83%B3%E3%82%BF%E3%83%BC%EF%BC%88%E3%83%A2%E3%83%AA%E3%82%B3/,2026-02-28,gsc_soft404
/%E3%83%96%E3%83%AD%E3%83%83%E3%82%AF%E3%81%AF%E7%9F%A5%E8%82%B2%E3%81%AB%E5%8A%B9%E6%9E%9C%E6%8A%9C%E7%BE%A4%EF%BC%81%E3%83%96%E3%83%AD%E3%83%83%E3%82%AF%E3%81%8C%E3%82%82%E3%81%9F%E3%82%89%E3%81%99/,2026-02-26,gsc_soft404
/%E3%83%96%E3%83%AD%E3%83%83%E3%82%AF%E9%81%B8%E3%81%B3%E3%83%BC%E3%82%A2%E3%83%B3%E3%83%91%E3%83%B3%E3%83%9E%E3%83%B3%E3%80%80%E3%83%96%E3%83%AD%E3%83%83%E3%82%AF%E3%83%A9%E3%83%9C%E3%80%80%E3%83%95/,2026-03-01,gsc_soft404
/%E3%83%9E%E3%83%9E%E5%BF%85%E8%A6%8B%E3%80%82%E5%8D%92%E4%B9%B3%EF%BC%9F%E6%96%AD%E4%B9%B3%EF%BC%9F%E7%84%A6%E3%82%89%E3%81%AA%E3%81%8F%E3%81%A6%E3%82%82%E5%A4%A7%E4%B8%88%E5%A4%AB%EF%BC%81/,2026-03-02,gsc_soft404
/%E3%83%9F%E3%83%83%E3%82%AF%E3%82%B9%E3%83%93%E3%83%BC%E3%83%B3%E3%82%BA%E3%81%A7%E2%99%AA%E3%81%93%E3%81%A9%E3%82%82%E3%81%8C%E5%96%9C%E3%81%B6%E7%B0%A1%E5%8D%98%E3%83%A1%E3%83%8B%E3%83%A5%E3%83%BC/,2026-03-25,gsc_soft404
/%E5%8B%89%E5%BC%B7%E3%82%92%E3%82%84%E3%82%8A%E3%81%9F%E3%81%8C%E3%82%89%E3%81%AA%E3%81%84%E5%AD%90%E3%81%AB%E3%81%AF%E3%80%81%E9%81%8A%E3%81%B3%E3%81%A7%E8%AA%98%E3%81%A3%E3%81%A6%E3%81%BF%E3%82%88/,2026-02-26,gsc_soft404
/%E5%8D%97%E7%9F%A5%E5%A4%9A%E3%81%8A%E3%82%82%E3%81%A1%E3%82%83%E7%8E%8B%E5%9B%BD%EF%BC%88%E6%84%9B%E7%9F%A5%E7%9C%8C%EF%BC%89%E3%81%A7%E9%81%8A%E3%81%BC%E3%81%86%EF%BC%81/,2026-02-27,gsc_soft404
/%E5%8D%97%E7%9F%A5%E5%A4%9A%E3%83%93%E3%83%BC%E3%83%81%E3%83%A9%E3%83%B3%E3%83%89%EF%BC%88%E6%84%9B%E7%9F%A5%E7%9C%8C%EF%BC%89%E3%81%B5%E3%82%8C%E3%81%82%E3%81%84%E3%81%A8%E4%BD%93%E9%A8%93%E3%81%AE/,2026-02-28,gsc_soft404
/%E5%A4%96%E9%81%8A%E3%81%B3%E3%81%97%E3%82%88%E3%81%86%EF%BC%81%E6%84%9B%E7%9F%A5%E7%9C%8C%E9%95%B7%E4%B9%85%E6%89%8B%E5%B8%82%E3%80%8C%E9%95%B7%E6%B9%AB%E5%8D%97%E9%83%A8%EF%BC%91%E5%8F%B7%E5%85%AC/,2026-02-26,gsc_soft404
/%E5%A4%A7%E6%B9%AF%E6%B8%A9%E6%B3%89%E3%82%B9%E3%82%AD%E3%83%BC%E5%A0%B4%EF%BD%9E%E5%88%9D%E3%82%81%E3%81%A6%E3%81%AE%E9%9B%AA%E9%81%8A%E3%81%B3%E3%81%B8%E8%A1%8C%E3%81%93%E3%81%86%EF%BD%9E/,2026-03-02,gsc_soft404
/%E5%AD%90%E3%81%A9%E3%82%82%E3%81%A8%E4%B8%80%E7%B7%92%E3%81%AB%EF%BC%81%E3%83%8A%E3%82%B4%E3%83%A4%E3%83%89%E3%83%BC%E3%83%A0%E3%81%B8%E9%87%8E%E7%90%83%E3%82%92%E8%A6%8B%E3%81%AB%E8%A1%8C%E3%81%93/,2026-03-02,gsc_soft404
/%E5%AD%90%E3%81%A9%E3%82%82%E3%81%A8%E8%A1%8C%E3%81%93%E3%81%86%EF%BC%81%E5%8D%9A%E7%89%A9%E9%A4%A8%E6%98%8E%E6%B2%BB%E6%9D%91%EF%BC%88%E6%84%9B%E7%9F%A5%E7%9C%8C%E7%8A%AC%E5%B1%B1%E5%B8%82%EF%BC%89/,2026-02-26,gsc_soft404
/%E5%AD%90%E4%BE%9B%E3%81%AB%E4%BC%9D%E3%82%8F%E3%82%8B%E5%8D%94%E5%8A%9B%E3%81%AE%E3%83%91%E3%83%AF%E3%83%BC%EF%BC%81%E3%81%8A%E3%81%9D%E3%82%89%E3%81%AE%E7%B5%B5%E6%9C%AC%E3%80%8C%E3%81%8C%E3%82%93/,2026-03-02,gsc_soft404
/%E5%AE%9F%E3%81%AF%E9%87%8D%E8%A6%81%EF%BC%81%E3%81%82%E3%81%8B%E3%81%A1%E3%82%83%E3%82%93%E3%81%AE%E3%82%B9%E3%82%AD%E3%83%B3%E3%82%B1%E3%82%A2%E3%80%80%E5%BE%8C%E7%B7%A8/,2026-03-05,gsc_soft404
/%E5%B7%A5%E4%BD%9C%EF%BC%81%E3%83%AD%E3%83%BC%E3%82%BA%E3%82%A6%E3%82%A3%E3%83%B3%E3%83%89%E3%82%A6%E3%81%A7%E6%B0%97%E5%88%86%E3%81%BE%E3%81%A7%E8%8F%AF%E3%82%84%E3%81%8B%E3%81%AB%EF%BC%81/,2026-02-28,gsc_soft404
/%E6%84%9B%E3%81%99%E3%82%8B%E6%88%91%E3%81%8C%E5%AD%90%E3%81%AE%E5%8D%92%E4%B9%B3%E3%82%92%E9%80%9A%E3%81%97%E3%81%A6%E6%84%9F%E3%81%98%E3%81%9F%E3%81%93%E3%81%A8%E3%83%BC%E7%9B%AE%E6%A8%99%E9%81%94/,2026-03-06,gsc_soft404
/%E6%97%A9%E6%9C%9F%E6%95%99%E8%82%B2%E3%81%AB%E3%81%AF%E3%83%91%E3%82%BA%E3%83%AB%E3%81%8C%E8%89%AF%E3%81%84%E3%81%A3%E3%81%A6%E6%9C%AC%E5%BD%93%EF%BC%9F%E3%83%91%E3%82%BA%E3%83%AB%E3%81%8C%E3%82%82/,2026-02-26,gsc_soft404
/%E6%97%AD%E9%AB%98%E5%8E%9F%E5%85%83%E6%B0%97%E6%9D%91%EF%BC%88%E6%84%9B%E7%9F%A5%E7%9C%8C%E8%B1%8A%E7%94%B0%E5%B8%82%EF%BC%89%E9%9B%AA%E3%81%9D%E3%82%8A%E3%82%B2%E3%83%AC%E3%83%B3%E3%83%87%E3%80%82/,2026-02-28,gsc_soft404
/%E6%98%9F%E3%81%A8%E7%B5%B5%E6%9C%AC%E3%81%AE%E5%AE%B6%E3%81%A7%E6%9C%A8%E5%B7%A5%E4%BD%9C%E3%82%92%E6%A5%BD%E3%81%97%E3%82%82%E3%81%86%EF%BC%81/,2026-03-04,gsc_soft404
/%E6%9C%9D%E5%AD%A6%E7%BF%92%E3%82%92%E3%81%AF%E3%81%98%E3%82%81%E3%82%88%E3%81%86%EF%BD%9E%E5%8B%89%E5%BC%B7%E3%81%AB%E5%AF%BE%E3%81%99%E3%82%8B%E5%9F%BA%E7%A4%8E%E4%BD%9C%E3%82%8A%E3%80%82/,2026-02-26,gsc_soft404
/%E6%AD%B4%E5%8F%B2%E3%82%92%E8%A6%8B%E3%81%A6%E5%AD%A6%E3%81%B6%EF%BC%81%E5%9B%BD%E5%AE%9D%E3%80%8C%E7%8A%AC%E5%B1%B1%E5%9F%8E%E3%80%8D%EF%BC%88%E6%84%9B%E7%9F%A5%E7%9C%8C%E7%8A%AC%E5%B1%B1%E5%B8%82/,2026-02-26,gsc_soft404
/%E7%94%B7%E3%81%AE%E5%AD%90%E3%81%AE%E3%81%8A%E6%AF%8D%E3%81%95%E3%82%93%E3%81%AB%E3%81%8A%E3%82%B9%E3%82%B9%E3%83%A1%E3%81%AE%E5%9B%B3%E9%91%91/,2026-02-26,gsc_soft404
/%E7%A7%A9%E7%88%B6%E3%81%AE%E5%A4%A7%E8%87%AA%E7%84%B6%E3%82%92%E9%A7%86%E3%81%91%E6%8A%9C%E3%81%91%E3%82%8B%EF%BD%93%EF%BD%8C%EF%BC%8D%EF%BD%93%EF%BD%8C%E3%83%91%E3%83%AC%E3%82%AA%E3%82%A8%E3%82%AF/,2026-03-01,gsc_soft404
/%E7%B0%A1%E5%8D%98%EF%BC%81%E5%AD%90%E4%BE%9B%E3%82%82%E5%A4%A7%E4%BA%BA%E3%82%82%E6%A5%BD%E3%81%97%E3%81%84%E3%80%8C%E3%81%95%E3%82%8F%E3%81%A3%E3%81%9F%E7%9E%AC%E9%96%93%E6%B0%B4%E3%81%8C%E6%B0%B7/,2026-03-01,gsc_soft404
/%E8%89%B2%E3%81%A8%E7%94%9F%E3%81%8D%E7%89%A9%E3%81%AE%E5%9B%B3%E9%91%91%EF%BD%9E%E5%AD%A6%E7%A0%94%E3%80%80%E8%89%B2%E5%88%86%E3%81%91%E3%80%80%E3%81%84%E3%81%8D%E3%82%82%E3%81%AE%E3%80%80%E3%81%9A/,2026-02-28,gsc_soft404
/%E8%89%B2%E3%83%BB%E3%82%AB%E3%82%BF%E3%83%81%E3%83%BB%E9%9F%B3%E3%81%AE%E4%BB%95%E6%8E%9B%E3%81%91%E6%BA%80%E8%BC%89%EF%BC%81%E7%B5%B5%E6%9C%AC%E3%80%8E%E3%81%B3%E3%81%A3%E3%81%8F%E3%82%8A%E3%81%B0/,2026-03-12,gsc_soft404
/%E8%A6%AA%E5%AD%90%E3%81%A7%E3%83%8D%E3%82%A4%E3%83%86%E3%82%A3%E3%83%96%E4%BC%9A%E8%A9%B1%E3%80%8E%E3%81%8A%E3%82%84%E3%81%99%E3%81%BF%E3%80%8F%E7%B7%A8/,2026-03-07,gsc_soft404
/%E8%A6%AA%E5%AD%90%E3%81%A7%E4%B8%80%E7%B7%92%E3%81%AB%E3%82%AF%E3%83%83%E3%82%AD%E3%83%BC%E4%BD%9C%E3%82%8A/,2026-02-28,gsc_soft404
/%E8%A6%AA%E5%AD%90%E3%81%A7%E7%AC%91%E9%A1%94%E3%81%AB%E3%81%AA%E3%82%8C%E3%82%8B%E3%81%8A%E3%81%99%E3%81%99%E3%82%81%E3%81%AE%E7%B5%B5%E6%9C%AC%EF%BD%9E%E3%81%82%E3%81%A3%E3%81%B7%E3%81%A3%E3%81%B7/,2026-03-03,gsc_soft404
/%E8%A6%AA%E5%AD%90%E3%82%AF%E3%83%83%E3%82%AD%E3%83%B3%E3%82%B0%EF%BD%9E%E9%9B%A8%E3%81%AE%E6%97%A5%E3%81%AF%E3%82%AF%E3%83%83%E3%82%AD%E3%83%BC%E3%81%A5%E3%81%8F%E3%82%8A%E3%82%92%E6%A5%BD%E3%81%97/,2026-03-02,gsc_soft404
/%E8%BA%AB%E8%BF%91%E3%81%AA%E3%80%8C%E8%89%B2%E3%80%8D%E3%81%8B%E3%82%89%E5%AD%90%E3%81%A9%E3%82%82%E3%81%AE%E3%80%8C%E7%9F%A5%E3%81%A3%E3%81%A6%E3%81%84%E3%82%8B%EF%BC%81%E3%80%8D%E3%82%92%E3%81%90/,2026-03-02,gsc_soft404
/%E9%87%8C%E5%B8%B0%E3%82%8A%E5%87%BA%E7%94%A3%E3%81%AF%E8%A8%88%E7%94%BB%E7%9A%84%E3%81%AB/,2026-03-06,gsc_soft404
/%E9%95%B7%E7%94%B7%E3%81%AE%E8%B5%A4%E3%81%A1%E3%82%83%E3%82%93%E8%BF%94%E3%82%8A%E5%8A%87%E3%80%80%EF%BC%8D%E7%A7%81%E3%81%AE%E5%8F%8D%E7%9C%81%E7%82%B9%E3%83%BC/,2026-03-02,gsc_soft404
/%E9%A3%9F%E8%82%B2%E3%81%AE%E3%82%B9%E3%82%B9%E3%83%A1%EF%BD%9E%E9%87%91%E6%9F%91%EF%BC%88%E3%81%8D%E3%82%93%E3%81%8B%E3%82%93%EF%BC%89%E7%8B%A9%E3%82%8A%E3%82%92%E6%A5%BD%E3%81%97%E3%82%82%E3%81%86/,2026-02-28,gsc_soft404
/%EF%BC%90%EF%BD%9E%EF%BC%92%E6%AD%B3%E5%BF%85%E8%A6%8B%EF%BC%81%E8%A7%A6%E3%81%A3%E3%81%A6%E9%81%8A%E3%81%B9%E3%82%8B%E5%B8%83%E7%B5%B5%E6%9C%AC/,2026-03-02,gsc_soft404
/%EF%BC%98%E6%9C%88%E3%80%80%E5%8D%81%E4%BA%94%E5%A4%9C%E3%81%8A%E6%9C%88%E8%A6%8B%EF%BC%89%E3%81%A3%E3%81%A6%E3%81%AA%E3%81%AB/,2026-03-05,gsc_soft404
/11-pisky-neoctope-only-present-campaigns/,2026-03-01,gsc_soft404
/1130_ehon_no_hi2021/,2026-03-01,gsc_soft404
/11piki_ahoudori_ehon/,2026-02-26,gsc_soft404
/11piki_hennnaneko_01/,2026-03-02,gsc_soft404
/11piki_hennnaneko_02/,2026-02-27,gsc_soft404
/12-5000-yamanashi-ken-saiko-iyashinosato-ne-ba-yamanashi-prefecture-west-lake-healing-rice-field/,2026-02-28,gsc_soft404
/1st-grader-soon/,2026-03-05,gsc_soft404
/2_14_sentvd/,2026-03-07,gsc_soft404
/2%E6%9C%88%EF%BD%9E%E6%A2%85%E3%81%AE%E8%8A%B1%E3%82%92%E6%A5%BD%E3%81%97%E3%82%82%E3%81%86%EF%BC%88%E5%90%8D%E5%8F%A4%E5%B1%8B%E5%B8%82%E8%BE%B2%E6%A5%AD%E3%82%BB%E3%83%B3%E3%82%BF%E3%83%BC%EF%BC%89/,2026-03-10,gsc_soft404
/24-kinds-of-socks-which-i-want-to-wear-every-day/,2026-03-02,gsc_soft404
/3-books-that-can-be-touched-in-a-picture-book-in-a-world-that-can-be-touched-by-the-english-language/,2026-03-03,gsc_soft404
/3%E6%9C%88%E3%80%8E%E6%98%A5%E5%88%86%E3%81%AE%E6%97%A5%E3%80%8F%EF%BC%99%E6%9C%88%E3%80%8E%E7%A7%8B%E5%88%86%E3%81%AE%E6%97%A5%E3%80%8F%E3%81%8A%E5%BD%BC%E5%B2%B8%E3%81%A3%E3%81%A6%E3%81%AA%E3%81%AB/,2026-02-28,gsc_soft404
/3%E6%AD%B3%E3%81%BE%E3%81%A7%E3%81%AB%E3%82%84%E3%82%8B%E5%A4%A7%E5%88%87%E3%81%AA%E3%81%93%E3%81%A8%E3%80%82/,2026-03-05,gsc_soft404
/4-convenience-goods/,2026-03-06,gsc_soft404
/a-babys-ear-cleaning/,2026-03-01,gsc_soft404
/a-book-that-can-be-fun-with-parents-and-children/,2026-03-13,gsc_soft404
/a-book-with-a-slightly-changed-cut-end/,2026-02-28,gsc_soft404
/a-caveat-of-early-english-education/,2026-03-04,gsc_soft404
/a-child-came-to-understand-a-picture-book-alone/,2026-03-02,gsc_soft404
/a-childs-habit-okay/,2026-02-27,gsc_soft404
/a-common-point-of-the-early-childhood-was-important/,2026-03-05,gsc_soft404
/a-dining-point-for-food-stockpiles/,2026-03-01,gsc_soft404
/a-disinfectant-place-for-new-corona-measures/,2026-03-08,gsc_soft404
/a-gentle-couple-relationship/,2026-02-26,gsc_soft404
/a-good-brother/,2026-03-02,gsc_soft404
/a-good-part-of-the-whole-body-block/,2026-03-02,gsc_soft404
/a-great-time-to-deepen-your-eyebrows/,2026-02-28,gsc_soft404
/a-headache-for-siblings-and-sisters/,2026-02-28,gsc_soft404
/a-letter-of-the-season-to-make-with-a-cherry-pressed-flower/,2026-02-28,gsc_soft404
/a-masterpiece-past-the-age-picture-book-track-track-track/,2026-02-28,gsc_soft404
/a-mental-attitude-for-becoming-a-dad-s-father/,2026-02-28,gsc_soft404
/a-method-of-preservation-that-makes-a-vegetable-long/,2026-03-05,gsc_soft404
/a-method-to-make-a-glass-bag-with-a-japanese-towel-of-the-half-size/,2026-03-31,gsc_soft404
/a-parent-child-communication-that-is-five-minutes-in-the-winter-morning/,2026-03-05,gsc_soft404
/a-perhaps-picture-book-born-from-the-voice-of-mama/,2026-03-05,gsc_soft404
/a-picture-book-that-can-convey-manners-basic-lifestyle-habits/508756badf43d93c477bebbc65bf632e-2/,2026-02-27,gsc_soft404
/a-picture-of-a-picture-book-new-information-2024-04/embed/,2026-03-12,gsc_soft404
/a-pretty-umbrella-backcharm-made-with-regins/,2026-03-02,gsc_soft404
/a-princess-isnt-married-to-a-prince/,2026-03-11,gsc_soft404
/a-rainy-couple-quarrel/,2026-03-05,gsc_soft404
/a-remake-of-the-cardboardmakeover-cute-accessory-case/,2026-03-02,gsc_soft404
/a-shinkansen-line-is-not-a-shinkansen-line/,2026-03-08,gsc_soft404
/a-single-parenting-concern/,2026-03-15,gsc_soft404
/a-smile-wants-to-make-a-created-game/,2026-03-02,gsc_soft404
/a-smiling-picture-book/,2026-02-28,gsc_soft404
/a-sock-that-you-want-to-do-for-yourself/,2026-02-26,gsc_soft404
/a-solemn-of-relaxating-rice-with-plenty-of-rice-to-be-eaten/,2026-02-28,gsc_soft404
/a-story-about-overcoming-an-egg-allergy/,2026-02-28,gsc_soft404
/a-story-made-by-mom/,2026-02-28,gsc_soft404
/a-story-of-treating-dental-caries-with-general-anesthesia/,2026-02-26,gsc_soft404
/a-traffic-accident-for-children-how-can-i-protect-your-precious-life/,2026-03-10,gsc_soft404
/a-walk-that-fosters-sensitivity/,2026-03-01,gsc_soft404
/a-way-of-writing-a-column-with-a-template-that-makes-it-easier-to-write-a-column-and-writing-a-column/,2026-03-01,gsc_soft404
/a-way-to-clean-eraser-rubber-after-leaving-schooling-instantly/,2026-03-03,gsc_soft404
/a-wonderful-christmas-picture-book/,2026-03-02,gsc_soft404
/a-wonderful-experiment-to-be-a-smart-child/,2026-02-28,gsc_soft404
/about-childrens-eyes/,2026-02-26,gsc_soft404
/about-nontan-fair-2024/,2026-03-01,gsc_soft404
/acknowledging-individuality-and-smugging-their-positive-feelings-awayi-and-7-higeki-no-koyagi-a-picture-book-of-the-seventh-higs/,2026-03-02,gsc_soft404
/actually-lets-play-with-life-games-full-of-learning/,2026-02-28,gsc_soft404
/adjectives-and-form-like-verbs-and-so-on-let-s-aim-for-mama-colam-on-a-single-rank/,2026-03-04,gsc_soft404
/aichi-prefecture-family-spot-aichi-ranch/,2026-02-27,gsc_soft404
/aiming-toilet-princess/,2026-02-26,gsc_soft404
/akashi-astronomical-science-museum/,2026-02-27,gsc_soft404
/allegations-of-suspicion-coming-from-parenting/,2026-02-28,gsc_soft404
/also-recommended-for-children-0-years-old-baby-picture-book-daruma/,2026-02-28,gsc_soft404
/also-recommended-for-free-research-an-ornamental-charcoal-flower-coal/,2026-02-28,gsc_soft404
/amusement-park-where-you-can-enjoy-the-magnificent-view-of-mount-fuji-grinpa/,2026-03-02,gsc_soft404
/an-early-constipation-of-pregnancydrink-it-is-a-good-constipation-a-precaution-and-a-stomachache-and-a-miscarriage/,2026-02-26,gsc_soft404
/analysis-of-differences-between-kumon-and-gakken/,2026-03-01,gsc_soft404
/anaphylactic-shock/,2026-03-01,gsc_soft404
/answer-your-childs-question/,2026-02-26,gsc_soft404
/anti-electrostatic-measure/,2026-02-27,gsc_soft404
/anyway-go-outside/,2026-03-07,gsc_soft404
/article-posting-2/,2026-04-01,gsc_soft404
/author/hanapooooo/,2026-02-27,gsc_soft404
/author/hitomi-souma310gmail-com/,2026-03-31,gsc_soft404
/author/kiyomiyuki/,2026-03-31,gsc_soft404
/author/konoto/,2026-03-22,gsc_soft404
/author/kyoco0123/,2026-03-28,gsc_soft404
/author/mamicom/,2026-03-31,gsc_soft404
/author/mitomo/,2026-03-03,gsc_soft404
/author/nishimura-etsuko/page/2/,2026-03-30,gsc_soft404
/author/syuju/,2026-04-01,gsc_soft404
/autismo/,2026-02-28,gsc_soft404
/baby-and-hawaii-sightseeing/,2026-02-28,gsc_soft404
/baby-food-eating-goods/,2026-03-02,gsc_soft404
/baby-friendly-finger-plays-to-learn-through-picture-books/,2026-03-01,gsc_soft404
/baby-travel-with-baby/,2026-02-28,gsc_soft404
/babys-constipation/,2026-03-12,gsc_soft404
/barbeque-at-a-vast-lawn-open-space/,2026-02-26,gsc_soft404
/base-making-and-playing/,2026-03-02,gsc_soft404
/battle-of-kindergarten-battlefield/,2026-02-28,gsc_soft404
/beginners-ok-ok-gifu-prefecture-hirugano-kogen-campsite/,2026-02-28,gsc_soft404
/benefits-of-programming-learning/,2026-03-18,gsc_soft404
/best-discipline-best-5-5-place-meal-etiquette/,2026-03-02,gsc_soft404
/best-discipline-vest-5-to-3-gargle-wash/,2026-03-06,gsc_soft404
/best-feeding-method/,2026-02-27,gsc_soft404
/best-tennis-vest-best-5-to-4-place-clearing/,2026-03-02,gsc_soft404
/beware-of-coughing/,2026-03-18,gsc_soft404
/bicycle-practice-law-for-young-children-who-can-ride-quickly/,2026-02-26,gsc_soft404
/bicycle-practice-method/,2026-02-28,gsc_soft404
/bilinguals-play-in-childhood/,2026-02-28,gsc_soft404
/birth-cost-expense-grant-birth-celebration-edition/,2026-03-03,gsc_soft404
/birth-cost-grant-childcare-leave-benefit-edition/,2026-03-14,gsc_soft404
/birth-experience-3/,2026-02-26,gsc_soft404
/birth-from-rupture/,2026-03-01,gsc_soft404
/birthday-at-ikea/,2026-03-02,gsc_soft404
/black-sesame-pudding-for-snacks/,2026-02-28,gsc_soft404
/bom-bom-academy-collabo-campaign/,2026-03-02,gsc_soft404
/bosos-unevenness-in-chiba-prefecture/,2026-02-28,gsc_soft404
/breast-teeth-on-fusion-teeth/,2026-03-05,gsc_soft404
/breastfeeding-which-does-not-try-too-hard/,2026-03-01,gsc_soft404
/brothers-broken-broken-bones/,2026-02-28,gsc_soft404
/burari-ko-edo-kawagoe/,2026-02-28,gsc_soft404
/california-feeling-while-in-chiba/,2026-02-26,gsc_soft404
/campaign-of-the-picture-books-day-in-2023/,2026-02-28,gsc_soft404
/can-we-find-real-fossilsfossil-excavation-events-report/,2026-03-02,gsc_soft404
/can-you-become-elsa-experiment-kit/,2026-02-26,gsc_soft404
/can-you-catch-a-breath-with-a-picture-book-in-the-picture-book/,2026-03-09,gsc_soft404
/careful_of_time_for_family/,2026-02-28,gsc_soft404
/category/child-care/,2026-03-26,gsc_soft404
/category/child-care/school/bullying/,2026-03-26,gsc_soft404
/category/child-care/trouble-6to12years-old/,2026-03-01,gsc_soft404
/category/childbirth/naming/naming-experiences/,2026-03-26,gsc_soft404
/category/life-style/disease/,2026-03-26,gsc_soft404
/category/life-style/school-event/seasonal-events/,2026-03-24,gsc_soft404
/category/planning-div/recruitment/,2026-03-26,gsc_soft404
/category/pregnancy/early/motion/,2026-03-25,gsc_soft404
/category/pregnancy/early/stomachache/,2026-03-25,gsc_soft404
/category/tgp/tgp-basic/,2026-03-26,gsc_soft404
/causes-and-countermeasures-for-children-with-bad-tongue/,2026-02-27,gsc_soft404
/challenge-mountaineering-with-elementary-school-dad/,2026-03-01,gsc_soft404
/challenge-to-make-udon/,2026-03-02,gsc_soft404
/child-benefit-allowance-eligible-for-payment-and-amount-summary/,2026-03-17,gsc_soft404
/child-care-likes-and-dislikes/,2026-02-28,gsc_soft404
/child-care-of-amaenbo/,2026-03-27,gsc_soft404
/child-look-look/,2026-03-11,gsc_soft404
/child-raising-convenience-goods-that-i-asked-mom/,2026-03-01,gsc_soft404
/child-skin-trouble/,2026-02-26,gsc_soft404
/child-sleep/,2026-03-01,gsc_soft404
/child-who-is-hard-to-sleep/,2026-03-15,gsc_soft404
/childcare-not-hard/,2026-03-05,gsc_soft404
/children-and-cooking/,2026-03-04,gsc_soft404
/children-know-what-play-is-needed-for-their-growth/,2026-03-07,gsc_soft404
/children-who-often-get-fever/,2026-02-28,gsc_soft404
/children-with-long-hi-hi/,2026-03-01,gsc_soft404
/childrens-breakfast-to-oyatsu/,2026-03-02,gsc_soft404
/childrens-bullying/,2026-02-26,gsc_soft404
/childrens-garden-with-good-points-of-nursery-school-and-good-points-of-kindergarten/,2026-02-28,gsc_soft404
/childrens-hairdresser-debuts-four-worrisome-information/,2026-02-28,gsc_soft404
/childrens-lesson-writing-method-opinion/,2026-02-28,gsc_soft404
/childrens-things-that-can-not-be-thrown-away/,2026-02-26,gsc_soft404
/childs-favorite-picture-book/,2026-02-28,gsc_soft404
/childs-physical-condition-check-every-morning/,2026-03-02,gsc_soft404
/childs-unexpected-accident-on-christmas-trees-danger-tree/,2026-02-28,gsc_soft404
/chinese-cabbage-simple-coleslaw/,2026-03-02,gsc_soft404
/christmas-decorations-will-be-hand-made-with-hand-made-memories/,2026-03-01,gsc_soft404
/cinderella-production/,2026-02-28,gsc_soft404
/citizens-forest-green-center-saitama-ken-saitama-shi/,2026-02-26,gsc_soft404
/collaborative-in-school-family-and-regiondo-you-know-after-school-classroom/,2026-02-28,gsc_soft404
/confidently-recommend-playing-with-a-child-in-a-disaster-prevention-danger/,2026-02-28,gsc_soft404
/cookies-with-my-3-year-old-son/,2026-03-01,gsc_soft404
/coping-method-of-the-insect-hiding-behind-in-an-acorn/,2026-02-26,gsc_soft404
/cork-building-blocks/,2026-02-27,gsc_soft404
/cover_story/nontan-has-45th-birthday/,2026-03-26,gsc_soft404
/cover_story/story-of-child-care-system/,2026-03-26,gsc_soft404
/create-public-information-paper-useful-for-pta-help-tool/,2026-02-26,gsc_soft404
/creating-one-in-the-worldits-made-with-100-knit-items-%E2%99%AA-pungs-kirachra-%E2%99%AA-snowdome/,2026-02-28,gsc_soft404
/croup-syndrome/,2026-02-28,gsc_soft404
/customized-dreams-and-ideals-for-parents-and-children-to-talk-with/,2026-02-26,gsc_soft404
/cute-and-fun-interior-arrange-with-masturbation-%E2%99%AA/,2026-02-28,gsc_soft404
/daddy-must-never-tell-mom-a-word/,2026-03-02,gsc_soft404
/daily-menu/,2026-03-27,gsc_soft404
/daily-oneoperated-bath/,2026-03-02,gsc_soft404
/dance-with-everyone-paprika-dance/,2026-03-02,gsc_soft404
/device-picture-book-to-enjoy-by-parent-and-child/,2026-03-02,gsc_soft404
/diagnosed-as-umbilical-hernia/,2026-02-28,gsc_soft404
/did-you-get-a-bliedal-check-pre-pregnancy-testintroducs-the-content-and-cost-of-the-inspection-and-the-need-for-it/,2026-03-06,gsc_soft404
/did-you-help-your-children-with-your-summer-vacation-homeworkdo-you-have-the-homework-of-your-father-and-son/,2026-02-28,gsc_soft404
/diet-is-not-just-to-raise-the-body/,2026-03-28,gsc_soft404
/differences-in-feelings-of-mom-during-pregnancy-and-after-childbirth/,2026-03-07,gsc_soft404
/digitalehonaward_osoranoehon/,2026-03-05,gsc_soft404
/do-it-yourself/,2026-03-28,gsc_soft404
/do-you-know-what-the-baby-feels-like/,2026-02-28,gsc_soft404
/does-not-fit-with-homeroom-teacher/,2026-03-02,gsc_soft404
/domanda-di-scuola-materna/,2026-03-07,gsc_soft404
/dont-fix-mistakes/,2026-03-02,gsc_soft404
/dont-say-anything-about-it-let-s-know-the-techniques-that-improve-the-rhythm-of-the-texts/,2026-02-28,gsc_soft404
/drop-childrens-clothes/,2026-03-01,gsc_soft404
/dyeing-with-cherry-blossoms/,2026-02-28,gsc_soft404
/early-montessori-education/,2026-02-28,gsc_soft404
/early-to-bed-early-rising-for-breakfast-in-the-morning/,2026-03-02,gsc_soft404
/easter-egg/,2026-03-01,gsc_soft404
/easter/,2026-02-26,gsc_soft404
/easy-construction-lets-make-air-cannon-with-pet-bottle/,2026-02-28,gsc_soft404
/easy-fashionable-photo-frame-parent-and-child-100-degree-diy/,2026-02-28,gsc_soft404
/easy-garden-camp-home-camping-at-home/,2026-03-02,gsc_soft404
/easy-handmade-babys-walnut/,2026-02-28,gsc_soft404
/easy-handmade-fishing-in-the-house/,2026-02-28,gsc_soft404
/easy-handmade-toys-fun-soccer-enjoying-blowing/,2026-03-01,gsc_soft404
/easy-pressed-flower-making-for-1-minute-by-range/,2026-02-26,gsc_soft404
/easy-to-make-a-snapshot/,2026-03-02,gsc_soft404
/easy-to-make-cute-stamp-with-children/,2026-03-02,gsc_soft404
/easy-to-make-sock-mat/,2026-02-26,gsc_soft404
/eating-education-activities-at-our-home-mandarin-hunting/,2026-02-28,gsc_soft404
/eating-education-lets-grow-up-strawberries-and-eat-it/,2026-03-05,gsc_soft404
/edieration-instructors-and-food-advisers-are-differentinstructor-details-and-people-to-be-taking/,2026-03-01,gsc_soft404
/ehon_shi-i210701/,2026-02-28,gsc_soft404
/ehon-no-time-ksb/,2026-03-30,gsc_soft404
/elegant-picture-book-rice/,2026-03-03,gsc_soft404
/elementary-school-bicycle-selection-method-and-exercise-method/,2026-02-28,gsc_soft404
/eliminate-frustration-with-classical-music/,2026-03-01,gsc_soft404
/embroidery-without-needle-with-toothpick-and-wool/,2026-03-02,gsc_soft404
/empty-pencil-case/,2026-02-28,gsc_soft404
/enjoy-bed-%E2%99%AA-probably-ehon/,2026-02-26,gsc_soft404
/enjoy-christmas-advent-calendar/,2026-03-02,gsc_soft404
/enjoy-delicious-autumn-through-picture-books/,2026-03-01,gsc_soft404
/enjoy-disney/,2026-03-02,gsc_soft404
/enjoy-english-with-your-whole-body/,2026-02-26,gsc_soft404
/enjoy-reading-nook/,2026-02-26,gsc_soft404
/enjoy-while-shopping-shooting-spot/,2026-03-05,gsc_soft404
/enjoying-rainy-days-with-indoor-play-goods/,2026-03-08,gsc_soft404
/eraseable-crayon/,2026-02-27,gsc_soft404
/eraser-eraser-with-childrens-picture/,2026-03-01,gsc_soft404
/esthetician_ayano/,2026-02-27,gsc_soft404
/even-a-corona-is-it-okay-to-play-the-park/,2026-03-01,gsc_soft404
/even-simple-5-year-old-children-can-do-it/,2026-02-28,gsc_soft404
/event/sample-pico-event-2/,2026-03-02,gsc_soft404
/events/jerry-martin-is-the-head-of-the-shop-in-the-book-picture-books/,2026-03-30,gsc_soft404
/events/page/10/,2026-03-28,gsc_soft404
/events/page/33/,2026-03-31,gsc_soft404
/events/page/34/,2026-03-13,gsc_soft404
/events/page/35/,2026-03-14,gsc_soft404
/events/page/36/,2026-03-13,gsc_soft404
/events/page/40/,2026-03-28,gsc_soft404
/events/page/42/,2026-03-10,gsc_soft404
/events/page/44/,2026-04-01,gsc_soft404
/events/page/5/,2026-03-14,gsc_soft404
/events/page/52/,2026-03-07,gsc_soft404
/events/page/69/,2026-03-14,gsc_soft404
/events/page/71/,2026-03-14,gsc_soft404
/everybody-loves-gimmick-picture-book/,2026-02-26,gsc_soft404
/everything-you-need-to-eat-childrens-likes-and-dislikes/,2026-03-02,gsc_soft404
/excursion-with-parents-and-children/,2026-02-28,gsc_soft404
/experience-and-environment/,2026-03-01,gsc_soft404
/experience-picture-book-with-parent-and-child-gather-water/,2026-03-01,gsc_soft404
/experimention-video-is-water-and-oil-mysterious-for-illumination/,2026-03-02,gsc_soft404
/face-obstacles/,2026-03-08,gsc_soft404
/failure-story/,2026-02-26,gsc_soft404
/father-and-son-during-the-summer-vacation-can-be-enjoyed-in-parent-child-time-presents-event-2/,2026-03-01,gsc_soft404
/featured-on-kings-brunch/,2026-02-28,gsc_soft404
/finally-nstis-it-true-that-the-first-product-will-be-born-early/,2026-02-27,gsc_soft404
/find-a-nursery/,2026-02-26,gsc_soft404
/fire-truck-made-from-cardboard/,2026-02-26,gsc_soft404
/first-birth-is-labor-for-3-days/,2026-02-26,gsc_soft404
/first-day-trip/,2026-02-28,gsc_soft404
/first-maternity-life/,2026-02-28,gsc_soft404
/first-recommended-english-picture-book/,2026-02-27,gsc_soft404
/first-time-parent-child-excursion-holding-article/,2026-03-01,gsc_soft404
/first-time-picture-book/,2026-03-08,gsc_soft404
/fluorine-coated-caries-prophylactic-agent-with-renobigo/,2026-02-28,gsc_soft404
/food-shopping-in-the-declaration-of-a-state-of-emergency/,2026-03-07,gsc_soft404
/for-those-who-struggle-to-follow-their-children/,2026-03-05,gsc_soft404
/fossils-hints-for-nurturing-childrens-love/,2026-02-28,gsc_soft404
/four-pictures-recommended-books-with-sounds-recommended/,2026-02-26,gsc_soft404
/free-research/,2026-03-02,gsc_soft404
/frogs-house-picture-books-read-by-two-parents/,2026-02-28,gsc_soft404
/from-furukukin-to-chu-rippu/,2026-02-28,gsc_soft404
/from-pregnancy-to-childbirth/,2026-03-05,gsc_soft404
/fun-multiplication/,2026-02-28,gsc_soft404
/furukarengin-kirin-kirin/,2026-02-28,gsc_soft404
/furukumin-shirokuma/,2026-03-02,gsc_soft404
/furukushinin-furasshochonshou/,2026-03-24,gsc_soft404
/gain-confidence-in-yourself-through-picture-book-knowledge/,2026-02-28,gsc_soft404
/give-birth-in-the-car/,2026-02-26,gsc_soft404
/glad-to-be%E2%99%AAim-glad-to-say-ive-got-a-parent-and-a-child-and-im-happy-to-have-a-embush/,2026-03-06,gsc_soft404
/glass-cup-making-it-difficult-to-cause-mold-in-the-bath-is-shiny/,2026-02-27,gsc_soft404
/go-to-lared-land-go/,2026-02-26,gsc_soft404
/going-out-to-the-zoo-is-fun-twice/,2026-03-05,gsc_soft404
/good-things-to-do-in-preparation-for-pregnancy/,2026-03-04,gsc_soft404
/graduation-ceremony-2/,2026-02-28,gsc_soft404
/grandma-who-was-too-tight/,2026-03-05,gsc_soft404
/great-success-at-the-time-of-disaster/,2026-03-01,gsc_soft404
/halloween-handmade-work-with-parent-and-child-who-can-easily-do-2/,2026-02-28,gsc_soft404
/halloween-handmade-work-with-parents-and-children/,2026-02-26,gsc_soft404
/halloween-ornament-with-origami/,2026-03-02,gsc_soft404
/handmade-baby-food/,2026-03-02,gsc_soft404
/handmade-blocks-to-train-your-fingers/,2026-02-26,gsc_soft404
/handmade-christmas-work-edition/,2026-02-28,gsc_soft404
/handmade-clothes-for-dolls/,2026-02-26,gsc_soft404
/handmade-fair-at-home/,2026-03-01,gsc_soft404
/handmade-meal-sheet-that-can-be-done-in-3-minutes/,2026-03-05,gsc_soft404
/handmade-super-bowl/,2026-02-27,gsc_soft404
/handmade-toys-in-5-minutes/,2026-03-02,gsc_soft404
/hanpen-and-cheese-followed-by-a-dried-seaweed-and-a-cara-valve-in-a-spatula/,2026-03-01,gsc_soft404
/have-a-feeling-of-beliefso-we-are-healthy-every-day/,2026-02-26,gsc_soft404
/have-a-surgery/,2026-02-28,gsc_soft404
/heading-to-a-separate-house/,2026-02-28,gsc_soft404
/heart-maintenance/,2026-03-16,gsc_soft404
/hello-my-baby/,2026-02-26,gsc_soft404
/herbarium-handmade-in-parent-and-child/,2026-03-02,gsc_soft404
/here-is-a-key-holder-of-ehon-which-is-attracted-by-a-father-and-a-son-and-is-attracted-by-the-child/,2026-03-10,gsc_soft404
/hidden-meaning/,2026-03-01,gsc_soft404
/hina-that-eats-at-a-doll-festival/,2026-02-26,gsc_soft404
/home-care-during-fever/,2026-03-10,gsc_soft404
/home/,2026-03-29,gsc_soft404
/home/shopping/,2026-03-13,gsc_soft404
/housekeeping-time-short-goods/,2026-02-28,gsc_soft404
/how-do-i-get-a-child-in-my-child-rearing-back-pain/,2026-02-26,gsc_soft404
/how-far-is-the-baby/,2026-03-02,gsc_soft404
/how-long-can-a-young-child-take-sugar-a-day/,2026-03-02,gsc_soft404
/how-long-does-it-take-for-fertility-treatment-for-fertility-treatment/,2026-03-28,gsc_soft404
/how-long-have-children-been-helping/,2026-03-12,gsc_soft404
/how-long-have-you-been-in-the-next-placepeakof-the-treatment-of-early-symptoms-of-pregnancy-and-herbal-medicine/,2026-02-28,gsc_soft404
/how-many-moms-do-you-want-to-play-barefoot-with-your-feetchilds-capacity-up-in-the-footsteps-of-the-child/,2026-02-28,gsc_soft404
/how-much-time-do-you-think-the-air-conditioners-temperature-isan-indoor-setting-of-temperature-that-you-want-to-know/,2026-03-07,gsc_soft404
/how-old-are-you-going-to-start-englishrather-its-forbidden-to-burn/,2026-02-28,gsc_soft404
/how-to-arrange-hair-of-a-girl-who-looks-fancy-though-clumsy-but-simple/,2026-02-28,gsc_soft404
/how-to-catch-a-child-crying-while-sleeping/,2026-02-28,gsc_soft404
/how-to-choose-childrens-clothes-and-shoes/,2026-03-02,gsc_soft404
/how-to-choose-financial-aid-insurance-to-eliminate-future-anxiety/,2026-03-04,gsc_soft404
/how-to-contact-the-children-of-the-brothers-and-sisters-on-the-childs-child/,2026-03-02,gsc_soft404
/how-to-create-an-environment-where-babies-are-easy-to-sleep/,2026-03-02,gsc_soft404
/how-to-eliminate-frustration/,2026-03-06,gsc_soft404
/how-to-engage-a-devil-2-year-old-child/,2026-03-02,gsc_soft404
/how-to-enjoy-building-blocks-from-5-years-old/,2026-03-02,gsc_soft404
/how-to-enjoy-the-library-as-a-family/,2026-03-13,gsc_soft404
/how-to-interact-with-other-people/,2026-02-28,gsc_soft404
/how-to-make-a-bath-bomb/,2026-03-01,gsc_soft404
/how-to-make-a-non-alcoholic-cocktail/,2026-03-02,gsc_soft404
/how-to-make-a-small-sty/,2026-03-02,gsc_soft404
/how-to-make-an-indoor-tent/,2026-02-26,gsc_soft404
/how-to-make-parent-and-child-time-with-high-quality-that-can-be-short/,2026-02-26,gsc_soft404
/how-to-make-soft-flour-udon-with-a-wide-range-of-recipes/,2026-03-20,gsc_soft404
/how-to-make-your-own-ideas-a-column/,2026-03-14,gsc_soft404
/how-to-manage-letters-from-childrens-schools/,2026-03-02,gsc_soft404
/how-to-play-building-blocks/,2026-02-28,gsc_soft404
/how-to-play-with-children/,2026-02-28,gsc_soft404
/how-to-preserve-oranges/,2026-02-28,gsc_soft404
/how-to-refresh-your-body-and-mind/,2026-03-07,gsc_soft404
/how-to-spend-time-with-children-in-the-house/,2026-03-15,gsc_soft404
/how-to-teach-traffic-rules/,2026-02-28,gsc_soft404
/how-to-treat-your-ego/,2026-02-26,gsc_soft404
/how-to-walk-on-school-street/,2026-03-02,gsc_soft404
/howto_private_elementary_school/,2026-03-01,gsc_soft404
/hug-a-sutra/,2026-03-08,gsc_soft404
/i-become-able-to-watch-a-child/,2026-03-05,gsc_soft404
/i-can-love-what-the-weathers-like-the-most-important-thing-ive-learned-from-my-children-a-picture-book-ive-learned-about-the-cold/,2026-02-26,gsc_soft404
/i-cant-get-my-smartphone-back/,2026-03-01,gsc_soft404
/i-cant-just-grab-the-reader-ehhow-to-write-a-write-that-you-think/,2026-03-01,gsc_soft404
/i-communicate-in-parent-and-/,2026-02-28,gsc_soft404
/i-dont-feel-like-a-mother-but-okay/,2026-02-28,gsc_soft404
/i-dont-have-any-money-because-of-the-new-type-of-corona-im-asking-you-to-ask-for-an-special-case-for-an-individuals-emergency-small-fund/,2026-02-28,gsc_soft404
/i-dont-need-a-needle-or-thread-im-going-to-make-a-single-mall-%E2%99%AAfuwafwa-mordor-im-crazy-about-it/,2026-03-02,gsc_soft404
/i-dont-want-to-talk-about-it-i-love-the-rhythm-and-tempo-of-words/,2026-03-02,gsc_soft404
/i-found-it-on-a-trip-and-its-a-far-off-deliciousomisa-note/,2026-03-04,gsc_soft404
/i-give-motivation-of-mother-with-a-picture-book/,2026-03-05,gsc_soft404
/i-have-to-take-my-moms-notebook/,2026-03-05,gsc_soft404
/i-learn-a-traditional-event-with-a-picture-book-of-childrens-day/,2026-03-26,gsc_soft404
/i-love-babies-that-can-be-made-with-only-what-is-at-home-toys/,2026-03-05,gsc_soft404
/i-love-the-music-that-im-going-to-fall-in-i-love-the-music-of-the-collochet/,2026-03-01,gsc_soft404
/i-love-trains-and-must-see-spots/,2026-02-28,gsc_soft404
/i-love-working/,2026-03-06,gsc_soft404
/i-overcame-the-influenza/,2026-02-28,gsc_soft404
/i-ride-a-bicycle-without-auxiliary-wheels-from-3-years-old/,2026-03-02,gsc_soft404
/i-want-people-with-sensitive-skin-to-read/,2026-02-28,gsc_soft404
/i-want-to-be-born-early/,2026-02-27,gsc_soft404
/i-want-to-go-outside-on-a-rainy-day/,2026-02-28,gsc_soft404
/i-want-to-take-a-childs-natural-look/,2026-03-05,gsc_soft404
/i-went-to-tomica-fair/,2026-02-28,gsc_soft404
/i-will-play-a-day-in-nature-unitopia-sayama/,2026-02-28,gsc_soft404
/i-will-tell-you-the-best-10-for-mom-colam-in-january-2020%E2%99%AA/,2026-03-03,gsc_soft404
/i-would-like-to-convey-the-importance-of-making-good-use-of-my-friends-and-friends-its-a-story-of-a-father-and-a-child-let-s-bring/,2026-02-28,gsc_soft404
/ib_oyakoinlalapo22/,2026-03-06,gsc_soft404
/if-either-is-affair/,2026-03-01,gsc_soft404
/if-the-new-coronavirus-are-infected-they-will-be-treated-for-injury-and-disease-allowance/,2026-03-14,gsc_soft404
/if-the-other-mom-looks-nice/,2026-02-28,gsc_soft404
/if-you-stand-you-can-not-crawl-since-walking-is-close-to-the-feelings-of-children/,2026-03-05,gsc_soft404
/if-you-think-it-s-just-wisdom/,2026-03-05,gsc_soft404
/ill-get-up-early/,2026-03-01,gsc_soft404
/ill-write-it-first-to-make-a-column-of-bursts-make-a-column/,2026-03-01,gsc_soft404
/im-also-sorry-for-the-infants-slinghow-to-choose-a-cloth-picture-book/,2026-02-26,gsc_soft404
/im-frustrated-by-my-dad/,2026-03-04,gsc_soft404
/im-going-to-get-a-real-sweets-its-a-fun-thing-to-make-myself-from-making-myself-a-book-that-i-make-myself/,2026-03-02,gsc_soft404
/im-gonna-wind-up-my-baby-in-something-you-like/,2026-02-28,gsc_soft404
/im-impressed-with-a-picture-book-about-the-beginning-of-a-year/,2026-03-01,gsc_soft404
/im-so-happy-to-have-a-lot-of-fun-in-my-adult-footwear-painted-in-a-picted-book-with-a-warm-winter/,2026-03-26,gsc_soft404
/im-so-scared-of-youhow-to-make-a-meat-bulb-like-small-thing-made-in-regis/,2026-03-02,gsc_soft404
/in-a-year-of-smile/,2026-02-28,gsc_soft404
/in-creation-the-eighth-cugus-collection/,2026-02-28,gsc_soft404
/in-order-to-prevent-the-baby-from-being-a-baby/,2026-02-26,gsc_soft404
/in-progress-the-sixth-cue-and-collection/,2026-03-18,gsc_soft404
/in-the-first-half-of-2019-the-trendame-is-a-boy-named-ren-and-a-girl-tsumugi-pongee/,2026-03-03,gsc_soft404
/in-the-licking-farmers-village-studying-the-potatoes/,2026-02-26,gsc_soft404
/infant-acne/,2026-02-28,gsc_soft404
/ingenuity-that-does-not-make-the-sound-of-children-playing-at-home/,2026-02-28,gsc_soft404
/introducing-a-lovely-mother/,2026-03-04,gsc_soft404
/introducing-a-lovely-mother/1000/,2026-03-05,gsc_soft404
/introducing-simple-and-interesting-themes/,2026-03-03,gsc_soft404
/introduction-of-recommended-educational-toys-for-5-year-old-children/,2026-02-26,gsc_soft404
/is-the-child-with-a-big-holiday-different-from-the-usualwhat-is-the-change-in-your-childs-vacation/,2026-02-28,gsc_soft404
/it-changes-with-how-to-listen/,2026-03-05,gsc_soft404
/it-is-goods-in-parent-and-child-in-matching-winter-2023/,2026-03-02,gsc_soft404
/it-is-happy-in-the-charm-of-the-picture-book-pattern-every-day/,2026-03-27,gsc_soft404
/it-is-mothers-language-to-raise-childrens-mind/,2026-03-01,gsc_soft404
/it-makes-origami-fun/,2026-03-02,gsc_soft404
/it-shows-essence-from-play/,2026-03-02,gsc_soft404
/it-will-become-earnest-to-play/,2026-03-02,gsc_soft404
/itoh-sumerstakram/,2026-03-02,gsc_soft404
/its-delicious-its-full-of-volumethe-cantankala-valve-of-the-ampanman/,2026-02-28,gsc_soft404
/its-hard-to-heal-my-heart/,2026-02-28,gsc_soft404
/its-interesting-its-a-moai-cat-valve-made-in-coppepan/,2026-02-28,gsc_soft404
/its-like-a-fantasylet-s-make-a-colorful-lot-in-uv-reginn/,2026-02-28,gsc_soft404
/ive-always-been-at-home-my-mothers-anxiety-about-my-mother/,2026-02-28,gsc_soft404
/keep-your-tits-away-for-a-long-time/,2026-02-26,gsc_soft404
/kendama-with-plastic-bottle-construction/,2026-02-26,gsc_soft404
/kimono-pouch-bag-experience-japanese-culture-fun/,2026-03-03,gsc_soft404
/kindergarten-events/,2026-02-28,gsc_soft404
/kindergarten-pta-officer/,2026-02-28,gsc_soft404
/kindergarten-reality-created-by-the-new-parenting-system/,2026-02-28,gsc_soft404
/kindergarten-trouble-new-teacher-edition/,2026-03-02,gsc_soft404
/lake-surveys-that-can-go-with-your-child/,2026-02-28,gsc_soft404
/laugh-at-parenting/,2026-03-02,gsc_soft404
/lead-through-ehons-activities-report/,2026-02-28,gsc_soft404
/learning-hiragana-with-karuta/,2026-03-01,gsc_soft404
/learning-life-pet-breeding-hamster/,2026-03-01,gsc_soft404
/learning-to-be-acquired-in-play/,2026-02-26,gsc_soft404
/leducazione-della-famiglia/,2026-02-26,gsc_soft404
/lego-block-recommendation/,2026-02-26,gsc_soft404
/let-s-go-out-with-my-favorite-character-in-the-ehons-waffen/,2026-03-27,gsc_soft404
/let-s-hear-the-orders-of-a-child-filled-with-appetite-for-appetite-and-full-of-mind/,2026-02-28,gsc_soft404
/let-s-join-our-child-rearing-network/,2026-02-28,gsc_soft404
/let-s-make-a-robot-thats-powered-by-a-robot-and-a-motor-and-we-can-make-a-dancer-with-the-robot/,2026-03-02,gsc_soft404
/let-s-make-a-toilet-paper-with-toilet-paper-%E2%99%AA/,2026-03-02,gsc_soft404
/let-s-sing-it-together-let-s-sing-it-together/,2026-02-28,gsc_soft404
/lets-become-strong-with-figures-using-educational-toys/,2026-03-01,gsc_soft404
/lets-begin-in-early-childhood-music-education/,2026-02-26,gsc_soft404
/lets-celebrate-a-1-year-old-birthday-cake/&title=oyakonojikanlabo.jp,2026-03-05,gsc_soft404
/lets-celebrate-your-birthday-at-an-amusement-park-suzuka-circuit/,2026-03-01,gsc_soft404
/lets-check-the-pencil-case/,2026-03-02,gsc_soft404
/lets-decorate-the-tree-with-handmade-ornaments/,2026-03-02,gsc_soft404
/lets-donate-blood/,2026-02-28,gsc_soft404
/lets-enjoy-together-with-a-family-in-a-big-park/,2026-02-26,gsc_soft404
/lets-express-moms-original-and-unlabeled-page/,2026-03-05,gsc_soft404
/lets-get-excited-as-a-millionaire/,2026-03-01,gsc_soft404
/lets-get-excited-with-handmade-fishing/,2026-03-02,gsc_soft404
/lets-get-started-having-chopsticks-practice/,2026-02-28,gsc_soft404
/lets-go-see-dr-yellow/,2026-02-28,gsc_soft404
/lets-go-to-aichi-farm-full-of-highlights/,2026-02-28,gsc_soft404
/lets-go-to-child-care-support-room/,2026-02-26,gsc_soft404
/lets-go-to-iwasaki-castle-and-the-surrounding-area/,2026-02-28,gsc_soft404
/lets-go-to-manazuru-town/,2026-03-05,gsc_soft404
/lets-go-to-mt-tsukuba/,2026-02-26,gsc_soft404
/lets-go-to-nagoya-port-garden-futo-nagoya-port-aquarium/,2026-02-28,gsc_soft404
/lets-go-to-nishinomiya-shrine/,2026-03-02,gsc_soft404
/lets-go-to-the-beginner-ok-mother-and-child-camp/,2026-03-02,gsc_soft404
/lets-go-to-the-kariya-highway-oasis/,2026-03-02,gsc_soft404
/lets-go-to-the-left/,2026-02-28,gsc_soft404
/lets-go-to-the-shirogi-zoo/,2026-02-28,gsc_soft404
/lets-grow-plants-with-children/,2026-02-28,gsc_soft404
/lets-have-a-fire-burning-experience-with-a-barbecue/,2026-02-26,gsc_soft404
/lets-have-fun-with-children-peaches-in-hinamatsuri/,2026-02-28,gsc_soft404
/lets-laugh-together-with-parents-and-children/,2026-03-02,gsc_soft404
/lets-learn-japanese-map-by-playing-and-having-fun/,2026-02-26,gsc_soft404
/lets-look-at-the-voice-pattern/,2026-03-02,gsc_soft404
/lets-make-a-bookshelf-with-cardboard/,2026-02-28,gsc_soft404
/lets-make-a-bow-and-arrow-with-plastic-bottles/,2026-02-28,gsc_soft404
/lets-make-a-hot-cake-with-parenting-child-with-a-picture-book/,2026-02-26,gsc_soft404
/lets-make-a-lease-with-a-pinecone/,2026-02-28,gsc_soft404
/lets-make-a-secret-base/,2026-02-28,gsc_soft404
/lets-make-a-stained-glass-style-object/,2026-03-01,gsc_soft404
/lets-make-a-style-easily/,2026-03-02,gsc_soft404
/lets-make-an-egg-planter/,2026-03-02,gsc_soft404
/lets-make-doraemons-dorayaki/,2026-03-01,gsc_soft404
/lets-make-handmade-musical-instruments/,2026-02-28,gsc_soft404
/lets-make-ice-cream/,2026-03-02,gsc_soft404
/lets-make-it-surprised-box/,2026-03-01,gsc_soft404
/lets-make-it-with-children-crayon-candle/,2026-02-26,gsc_soft404
/lets-make-it-with-children-crayon-candle/1000/,2026-03-14,gsc_soft404
/lets-make-life-easier/,2026-02-26,gsc_soft404
/lets-make-pet-toys-with-yarn/,2026-03-01,gsc_soft404
/lets-make-shiny-snack-shiny-gummy-sns/,2026-03-02,gsc_soft404
/lets-make-the-most-of-omaru/,2026-02-26,gsc_soft404
/lets-make-wool/,2026-02-28,gsc_soft404
/lets-master-the-green-path/,2026-03-03,gsc_soft404
/lets-play-blocks-together/,2026-03-01,gsc_soft404
/lets-play-with-a-bubble-filled-homemade-soapball/,2026-02-28,gsc_soft404
/lets-play-with-a-mysterious-sand-kinetic-sandwich/,2026-03-01,gsc_soft404
/lets-play-with-blocks/,2026-02-26,gsc_soft404
/lets-play-with-iron-beads/,2026-02-28,gsc_soft404
/lets-play-with-plaque/,2026-03-02,gsc_soft404
/lets-raise-the-brains-of-children-by-playing-with-nay/,2026-03-01,gsc_soft404
/lets-separate-childrens-clothes-together/,2026-03-01,gsc_soft404
/lets-stay-at-a-house-with-mujirusi%E3%80%80/,2026-02-28,gsc_soft404
/lets-take-a-deep-breath/,2026-03-30,gsc_soft404
/lets-touch-food-education-through-your-help/,2026-03-13,gsc_soft404
/lets-travel-with-children-while-staying-in-a-car/,2026-03-01,gsc_soft404
/lets-try-12-years-old-bunny-panda-takao-and-fireworks-character-bento/,2026-03-02,gsc_soft404
/lets-try-a-technique-that-makes-it-fashionable-when-wearing-a-cuckoo/,2026-02-28,gsc_soft404
/lets-try-easy-character-valve-minion/,2026-02-26,gsc_soft404
/lets-try-fun-secret-base/,2026-02-28,gsc_soft404
/lets-try-glitter-girl-pretty-cure-ala-mode-character-bento/,2026-02-27,gsc_soft404
/lets-try-various-hats-in-newspaper-1/,2026-02-26,gsc_soft404
/lets-try-various-hats-in-newspaper-2/,2026-03-01,gsc_soft404
/life-with-a-protected-dog/,2026-03-12,gsc_soft404
/lifestyle-items/,2026-02-28,gsc_soft404
/lisagas-event/,2026-02-27,gsc_soft404
/long-vacation-to-mother-and-child-travel/,2026-03-05,gsc_soft404
/looping/,2026-03-02,gsc_soft404
/make-a-mask-in-a-kitchen-paper/,2026-03-08,gsc_soft404
/make-a-picture-book-with-coloring-pages/,2026-03-18,gsc_soft404
/make-spy-cardboard-fireplace-in-the-christmas/,2026-03-02,gsc_soft404
/making-stained-glass-with-picture-books/,2026-03-01,gsc_soft404
/mama-ehon/,2026-03-02,gsc_soft404
/mamadays-a-picture-book-has-been-introduced-on-the-mamadays-mamads-youtube-channel/,2026-02-26,gsc_soft404
/mamadays-mamedes-the-youtube-channel-introduced-a-dreaded-picture-book-2/,2026-02-28,gsc_soft404
/mamadays-mamedes-the-youtube-channel-introduced-a-dreaded-picture-book/,2026-02-28,gsc_soft404
/mamas-a-dream-kirakira-clean-touch-a-beautiful-touch-a-crystal-made-of-crestels/,2026-03-10,gsc_soft404
/martin-shinsaku/,2026-03-26,gsc_soft404
/masterpiece-ort-series-of-english-picture-books-for-children/,2026-02-28,gsc_soft404
/maternity-trouble/,2026-02-26,gsc_soft404
/maybe-its-slow-to-grow-if-you-care-about-development/,2026-03-01,gsc_soft404
/measures-against-motion-sickness-in-children/,2026-02-28,gsc_soft404
/merry-its-a-simple-masking-tape-and-a-piece-of-paper-merry/,2026-03-02,gsc_soft404
/milk-hate-is-milk-agar-abundant-nutrition-two-birds-with-one-stone/,2026-02-28,gsc_soft404
/mokomoko/,2026-03-01,gsc_soft404
/mom-you-better-make-your-friends/,2026-02-28,gsc_soft404
/moms-schedule-with-a-newborn/,2026-03-05,gsc_soft404
/morning-hive-lets-spend-time-in-the-morning-with-a-child/,2026-02-28,gsc_soft404
/mud-play-has-a-great-impact-on-the-growth-of-children/,2026-03-01,gsc_soft404
/multiplication-ninth-master/,2026-02-28,gsc_soft404
/mum-oversleep/,2026-02-26,gsc_soft404
/musashi-hills-forest-park/,2026-02-28,gsc_soft404
/my-child-doesnt-do-it-unless-he-says-to-her-mother/,2026-03-07,gsc_soft404
/my-child-was-a-shuffling-baby/,2026-03-02,gsc_soft404
/my-childbirth-with-weak-uterine-contraction/,2026-03-05,gsc_soft404
/my-family-has-increased/,2026-03-29,gsc_soft404
/my-scary-birth-record/,2026-02-26,gsc_soft404
/my-son-has-changed-his-behavior-a-book-of-curiosity/,2026-03-14,gsc_soft404
/my-son-has-fallen-over/,2026-03-11,gsc_soft404
/mysterious-experiment-with-children/,2026-03-01,gsc_soft404
/nail-clipper-great-success/,2026-03-01,gsc_soft404
/nanki-shirahama-wakayama-adventure-world/,2026-03-01,gsc_soft404
/nap-and-crying-at-night/,2026-03-02,gsc_soft404
/nasu-animal-kingdom/,2026-02-28,gsc_soft404
/nenkangyouzi/,2026-03-01,gsc_soft404
/nenkangyouzi2/,2026-02-28,gsc_soft404
/new-ehon-no-charm-202505/,2026-03-01,gsc_soft404
/new-ehon-no-kutsushita-202510/,2026-02-26,gsc_soft404
/new-ehon-no-wappen_202404/embed/,2026-03-12,gsc_soft404
/new-life-gift-set-of-spring/,2026-03-15,gsc_soft404
/nhks-good-morning-omoros-picture-book-is-taken-up-in-japan/,2026-03-05,gsc_soft404
/no-poop/,2026-03-02,gsc_soft404
/noraneko-fair23/,2026-03-02,gsc_soft404
/not-heavy-relationship/,2026-03-06,gsc_soft404
/nurse-bag-to-100-yen-ingreed-beg-2/,2026-03-02,gsc_soft404
/nursery-schools-kindergartens-and-certified-childrens-schools-are-different/,2026-02-26,gsc_soft404
/oh-my-god-im-really-scared-of-the-flu-ill-know-you-about-the-cold/,2026-02-28,gsc_soft404
/okonomiyaki-is-the-food-education-in-our-home/,2026-03-01,gsc_soft404
/on-a-rainy-day-on-a-fun-day/,2026-02-26,gsc_soft404
/on-creation-the-seventh-episode/,2026-03-02,gsc_soft404
/once-you-know-how-to-treat-a-cold-and-you-know-the-precautions-you-can-keep-it-in-one/,2026-02-26,gsc_soft404
/one-year-old-child-and-strawberry-hunting/,2026-03-05,gsc_soft404
/only-one-picture-book-in-the-world/,2026-03-14,gsc_soft404
/origami-older-brother/,2026-03-01,gsc_soft404
/origami-pieces-made-by-children/,2026-02-26,gsc_soft404
/osaka-lets-go-to-the-cup-noodle-museum/,2026-02-26,gsc_soft404
/osora_no_ehon-which-was-introduced-by-a-program-of-nhk/,2026-02-26,gsc_soft404
/osora-no-ehon/index.html,2026-03-07,gsc_soft404
/osuchume-otocha-osukume-toy-which-is-played-with-a-low-moon-age-red-chat/,2026-02-26,gsc_soft404
/outdoor-mood-on-the-balcony-of-the-house-or-on-the-balcony/,2026-02-28,gsc_soft404
/page/118/,2026-03-28,gsc_soft404
/page/12/,2026-03-26,gsc_soft404
/page/124/,2026-03-31,gsc_soft404
/page/180/,2026-03-01,gsc_soft404
/page/32/,2026-03-27,gsc_soft404
/page/4/,2026-03-26,gsc_soft404
/page/5/,2026-03-26,gsc_soft404
/page/50/,2026-03-22,gsc_soft404
/page/57/,2026-03-30,gsc_soft404
/page/6/,2026-03-25,gsc_soft404
/page/61/,2026-03-31,gsc_soft404
/page/74/,2026-03-31,gsc_soft404
/page/8/,2026-03-27,gsc_soft404
/pancake-mix-for-baby-food/,2026-02-28,gsc_soft404
/paper-cup-rocket/,2026-03-02,gsc_soft404
/parent-and-child-at-home-museum/,2026-03-05,gsc_soft404
/parenting-that-was-completely-imprisoned/,2026-03-01,gsc_soft404
/parents-and-children-are-not-only-similar-in-face-and-body/,2026-02-26,gsc_soft404
/parents-child-rearing/,2026-03-05,gsc_soft404
/passion-sweets-manufacturer-orion-co-ltd/,2026-02-28,gsc_soft404
/perineal-incision-that-i-could-not-help-but-fear/,2026-03-05,gsc_soft404
/petite-water-play-with-outdoor-unit-on-the-balcony/,2026-02-28,gsc_soft404
/pico-event_250830/,2026-02-27,gsc_soft404
/picture_book_to_be_helpful_for_toilet_training/,2026-02-28,gsc_soft404
/picture-book-and-donuts-recommended-for-snack-time/,2026-02-28,gsc_soft404
/picture-book-play-vol-1-sound-playing/,2026-03-01,gsc_soft404
/picture-book-supports-discipline-good-way-to-use/,2026-02-28,gsc_soft404
/picture-book-to-learn-the-difference-in-color-and-shape/,2026-03-01,gsc_soft404
/picture-book-toy-which-can-touch-different-cultures-toya-move/,2026-02-26,gsc_soft404
/pikachu-character-dialect/,2026-03-01,gsc_soft404
/play-in-the-sandbox/,2026-03-05,gsc_soft404
/playing-with-leaf-rubbings/,2026-03-31,gsc_soft404
/playing-with-sand-at-home-kinetic-sand/,2026-02-26,gsc_soft404
/pocket-money-situation-at-home/,2026-02-26,gsc_soft404
/point-of-choosing-kindergarten/,2026-02-28,gsc_soft404
/points-for-choosing-childcare-facilities/,2026-02-27,gsc_soft404
/points-to-be-aware-of-in-home-learning-to-improve-grades/,2026-03-02,gsc_soft404
/points-to-tidying-up-master/,2026-02-28,gsc_soft404
/polyhedral-dice-made-with-origami/,2026-03-02,gsc_soft404
/pr-ldm001/,2026-03-05,gsc_soft404
/practical-case-book/,2026-03-02,gsc_soft404
/prepare-for-a-simultaneous-epidemic-of-new-corona-and-influenza/,2026-03-05,gsc_soft404
/prepare-your-fathers-bag/,2026-03-12,gsc_soft404
/pretend-play-is-effective-for-child-brain-development/,2026-03-02,gsc_soft404
/prevent-and-prevent-child-abuse/,2026-03-05,gsc_soft404
/probably-picture-book-beginning-of-a-new-story-2/,2026-03-02,gsc_soft404
/production-interview-of-ehon-no-tsumiki-swimmy/,2026-03-08,gsc_soft404
/provisional-dai-n/,2026-03-05,gsc_soft404
/psychology/,2026-02-26,gsc_soft404
/puppet-based-child-rearing/,2026-02-28,gsc_soft404
/raising-the-brain-playing/,2026-02-26,gsc_soft404
/realize-your-dreams-and-goals/,2026-03-01,gsc_soft404
/recommendation-of-picture-book-recording-application/,2026-03-02,gsc_soft404
/recommended-educational-toy-pythagoras-plate/,2026-02-28,gsc_soft404
/recommended-for-baby-food-steamed-bread/,2026-03-02,gsc_soft404
/recommended-for-children-aged-2-years-old/,2026-03-01,gsc_soft404
/recommended-for-childrens-scissors-practice/,2026-03-02,gsc_soft404
/recommended-moisturizer/,2026-02-26,gsc_soft404
/recommended-opus-spot-ome-station-otaki-station-hen-editing/,2026-03-02,gsc_soft404
/recommended-park-miyagi-edition-1/,2026-03-01,gsc_soft404
/recommended-park-miyagi-edition-2/,2026-02-26,gsc_soft404
/recommended-picture-book-for-children-entering-kindergarten-nursery-school/,2026-02-28,gsc_soft404
/recommended-picture-book-for-my-son-and-daughter-only-a-little/,2026-03-01,gsc_soft404
/recommended-picture-books-before-scissors-debut/,2026-02-28,gsc_soft404
/recommended-picture-books-for-children-who-hate-brushing-teeth/,2026-02-28,gsc_soft404
/recommended-tokyos-shiodome-park/,2026-02-28,gsc_soft404
/recruitment-for-bookstore-euhin-san-business/,2026-02-28,gsc_soft404
/reduce-the-burden-on-moms/,2026-02-28,gsc_soft404
/relationship-between-myself-and-myself/,2026-03-06,gsc_soft404
/relax-with-picture-books-after-the-holidays/,2026-03-28,gsc_soft404
/responding-to-children-who-immediately-announce/,2026-02-28,gsc_soft404
/return-of-entrance-celebration/,2026-02-28,gsc_soft404
/road-to-ikumen/,2026-03-01,gsc_soft404
/saddam-does-housework-department-the-second-round-of-iron/,2026-02-26,gsc_soft404
/saitama-childrens-animal-nature-park/,2026-03-02,gsc_soft404
/sakura-observation/,2026-02-26,gsc_soft404
/san-diego-food-market/,2026-03-06,gsc_soft404
/sandbox-play-essential-for-childs-growth-five-elements/,2026-02-28,gsc_soft404
/science-sweets-ice-cream-that-you-can-just-shake/,2026-03-02,gsc_soft404
/sealant-is-a-prophylactic-dentist-starting-with-a-deciduous-tooth/,2026-03-01,gsc_soft404
/search/%E5%85%A5%E5%9C%92/page/3/,2026-03-03,gsc_soft404
/search/%E5%B9%BC%E7%A8%9A%E5%9C%92/feed/rss2/,2026-03-30,gsc_soft404
/searching-for-autumn-with-picture-books/,2026-02-26,gsc_soft404
/seasoning-vegetables-with-delicious-vegetables-for-a-long-time/,2026-03-02,gsc_soft404
/second-formula-2-announcer-announcing-the-recruitment-of-the-second-pico/,2026-03-06,gsc_soft404
/self-management-ability/,2026-03-05,gsc_soft404
/sense-of-arithmetic/,2026-02-28,gsc_soft404
/series_contents/mameko/,2026-03-28,gsc_soft404
/series_contents/osora-no-ehon-mama-review-summary/,2026-02-27,gsc_soft404
/sfida-lo-spirito/,2026-03-05,gsc_soft404
/shin-chans-school-bag/,2026-03-02,gsc_soft404
/shitetsu-is-happytrain-tour/,2026-02-28,gsc_soft404
/short-and-easy-character-bento/,2026-03-01,gsc_soft404
/silver-week-event/,2026-03-07,gsc_soft404
/since-when-have-your-chopsticks-practiced/,2026-02-26,gsc_soft404
/sit-with-the-picture-book-toy-toy-training/,2026-02-26,gsc_soft404
/sitetop/find/,2026-03-30,gsc_soft404
/sitetop/shopping/,2026-03-13,gsc_soft404
/skincare-treatment/,2026-02-26,gsc_soft404
/sleepiness-during-pregnancy/,2026-03-18,gsc_soft404
/small-childs-toothpaste/,2026-02-27,gsc_soft404
/smears-that-can-be-made-even-by-small-children/,2026-02-28,gsc_soft404
/smell_measures_beside_children/,2026-02-28,gsc_soft404
/snack-idea-decoration-cupcake/,2026-02-28,gsc_soft404
/snack-recipes-for-children/,2026-02-26,gsc_soft404
/sometimes-go-out-alone/,2026-02-28,gsc_soft404
/sophology-still-hurt/,2026-02-26,gsc_soft404
/start-eating-at-kiso-road/,2026-03-01,gsc_soft404
/stop-emotionally-getting-angry/,2026-02-28,gsc_soft404
/stop-smoking-if-you-want-to-protect-your-beloved-family-and-children/,2026-03-02,gsc_soft404
/stress-relief-seen-by-brain-intestine-correlation/,2026-03-03,gsc_soft404
/stress-that-you-feel-unusual/,2026-02-28,gsc_soft404
/such-an-idea-with-lego-block/,2026-02-28,gsc_soft404
/sukusuku-bunko/,2026-03-02,gsc_soft404
/summer-vacation-support-project/,2026-03-02,gsc_soft404
/sunrise-and-sunset-times/,2026-03-01,gsc_soft404
/survive-the-newborn-period/,2026-03-06,gsc_soft404
/sustainability-benefits-for-small-and-medium-sized-enterprise-management-personal-business-owners-and-free-landsmic-coronas/,2026-02-26,gsc_soft404
/sweet-potato-transforms/,2026-03-01,gsc_soft404
/swimmy-60th-anniversary-leo-leoni-the-first-anniversary-of-the-release-of-the-book/,2026-03-01,gsc_soft404
/tag/ehonyasan-moe/page/3/,2026-02-28,gsc_soft404
/tag/lellei-series/feed/atom/,2026-03-01,gsc_soft404
/tag/picture-book-blocks/feed/atom/,2026-03-31,gsc_soft404
/tag/reading/page/2/,2026-03-31,gsc_soft404
/tag/reading/page/4/,2026-03-31,gsc_soft404
/tag/touching-picture-book/page/3/,2026-02-26,gsc_soft404
/take-the-photos-the-five-coats-the-columns-on-the-column-the-basic-story-of-how-to-take-the-photo/,2026-03-05,gsc_soft404
/talk-to-mothers/,2026-03-02,gsc_soft404
/tapioca-containing-drink/,2026-02-28,gsc_soft404
/tax-return-medical-deduction-three-items-to-know-about-change-from-heisei-29/,2026-02-28,gsc_soft404
/tell-your-child-the-feelings-of-mama/,2026-02-28,gsc_soft404
/the-45th-anniversary-of-birthnaka-no-hitohito-the-great-recruit-of-nong-2/,2026-03-01,gsc_soft404
/the-4th-time-is-being-created/,2026-02-28,gsc_soft404
/the-attraction-of-vertically-divided-child-care/,2026-02-28,gsc_soft404
/the-baby-can-see-himself-in-the-mirror/,2026-02-28,gsc_soft404
/the-babys-bath-time-is-smoothly-and%E2%99%AAcoats-were-ready-for-the-baby/,2026-03-01,gsc_soft404
/the-best-outdoor-play-park/,2026-02-26,gsc_soft404
/the-building-block-which-can-do-puzzle-play/,2026-03-05,gsc_soft404
/the-candy-store-is-full-of-children/,2026-02-26,gsc_soft404
/the-childs-birthday-during-the-busy-season/,2026-03-02,gsc_soft404
/the-first-ambassador-recruitment-of-osora-no-ehon/,2026-03-05,gsc_soft404
/the-hallowein-ambromman-let-s-make-a-valve-of-the-caba/,2026-02-26,gsc_soft404
/the-homeroom-teacher-and-my-child-dont-go-well-together/,2026-02-28,gsc_soft404
/the-humidifier-sterilized-sterilization-of-the-humidifier-and-the-cause-of-the-disease-is-that-the-humidifier-breeds-germs-in-the-humidifier/,2026-03-03,gsc_soft404
/the-importance-of-writing/,2026-02-28,gsc_soft404
/the-life-is-play/,2026-03-02,gsc_soft404
/the-mood-is-anna-snow-moment-the-moment-the-water-gets-icy-magic-secret/,2026-02-26,gsc_soft404
/the-most-painful-day-in-my-life/,2026-02-28,gsc_soft404
/the-need-for-two-toilets/,2026-02-28,gsc_soft404
/the-new-coronavirus-garlic-has-no-prevention-effect/,2026-02-28,gsc_soft404
/the-old-play-is-also-fun/,2026-03-01,gsc_soft404
/the-picture-book-is-a-communication-tool-with-the-baby/,2026-03-17,gsc_soft404
/the-picture-book-that-the-backside-of-the-work-becomes-known/,2026-02-26,gsc_soft404
/the-prevention-of-new-coronavirus-from-the/,2026-02-26,gsc_soft404
/the-problem-of-eating-only-the-food-of-an-infants-meal-and-what-you-like/,2026-03-04,gsc_soft404
/the-puzzle-of-the-picture-book-to-be-absorbed-in-parent-and-child/,2026-03-31,gsc_soft404
/the-recommendations-that-can-be-simply-put-elementary-school-in-the-first-grade-and-by-independent-research/,2026-02-26,gsc_soft404
/the-relationship-between-sports-day-and-picture-books/,2026-03-02,gsc_soft404
/the-scrap-robot-is-my-hero/,2026-03-01,gsc_soft404
/the-seven-how-to-write-interesting-columns-on-the-itsukasakaen-grade-how-to-write-a-column/,2026-03-02,gsc_soft404
/the-solution-to-the-reparing-program-was-team-childcare-practice-which-is-to-take-care-of-the-teams-child-care/,2026-03-02,gsc_soft404
/the-story-of-the-boobs-i-wanted-to-know-before-giving-birth/,2026-02-26,gsc_soft404
/the-truth-of-a-child-who-is-strongly-opposed-to-the-strong-opposition/,2026-02-28,gsc_soft404
/the-violet-of-the-violet-in-the-sweet-potato-the-violin-caca-valve-made-with-vapor-is-made/,2026-03-02,gsc_soft404
/the-words-that-saved-me-suffering-from-food-allergies/,2026-03-05,gsc_soft404
/there-is-a-kindergarten/,2026-02-26,gsc_soft404
/there-is-a-personal-difference-in-the-growth-of-childrens-language/,2026-03-05,gsc_soft404
/there-is-child-care-only-now-all-the-time/,2026-03-02,gsc_soft404
/theres-a-hint-of-seasonal-joyful-joy-in-the-picture-book/,2026-03-01,gsc_soft404
/things-to-tell-children-and-everyone-from-the-great-hanshin-earthquake/,2026-03-02,gsc_soft404
/think-about-the-position-of-the-earth-and-how-the-sun-hits/,2026-03-01,gsc_soft404
/third-round-how-to-write-a-column-nishihonganji-should-protect-the-basic-rules/,2026-03-11,gsc_soft404
/this-is-urine-leakage/,2026-03-05,gsc_soft404
/three-funny-baby-picture-book-recommended-touches/,2026-02-28,gsc_soft404
/three-methods-and-a-tie-play-to-polish-the-more-interesting-text-expression-of-the-anata/,2026-02-26,gsc_soft404
/three-picture-books-to-stop-crying-soon/,2026-02-28,gsc_soft404
/timing-of-pacifier-graduation/,2026-03-01,gsc_soft404
/tips-for-nurturing-books/,2026-03-05,gsc_soft404
/tips-for-resolving-baths/,2026-02-28,gsc_soft404
/to-baby-and-supermarket/,2026-03-01,gsc_soft404
/to-be-able-to-use-the-spoon-as-well/,2026-03-03,gsc_soft404
/to-learn-to-play-for-infantsabout-the-play-leading-to-learning-between-the-ages-of-0-and-2/,2026-02-26,gsc_soft404
/to-survive-without-taking-too-long-in-the-baby-food-period/,2026-03-05,gsc_soft404
/to-the-unknown-world/,2026-02-26,gsc_soft404
/together-with-children-for-a-limited-period-of-time-many-hands-in-the-hands-of-the-child/,2026-03-31,gsc_soft404
/toilet-training-with-decoration-omaru/,2026-03-02,gsc_soft404
/tokyo-metropolitan-area-recommended-spots-tama-animal-park/,2026-03-01,gsc_soft404
/toothbrush-training-nico-nico-training/,2026-03-06,gsc_soft404
/transparent-to-autumns-night/,2026-02-26,gsc_soft404
/trichotillosis/,2026-02-28,gsc_soft404
/troubles-of-child-rearing-meals/,2026-02-26,gsc_soft404
/troubles-of-child-rearing-together/,2026-03-05,gsc_soft404
/tumugi_11piki_goods/,2026-02-28,gsc_soft404
/tumugi_nontan_goods/embed/,2026-03-24,gsc_soft404
/ueno-impression-parks-spot-spot/,2026-03-02,gsc_soft404
/understanding-of-driving/,2026-02-28,gsc_soft404
/unit-origami-cuss-ball/,2026-03-11,gsc_soft404
/upper-and-lower-bunk-beds/,2026-03-02,gsc_soft404
/use-of-the-karaoke-room/,2026-02-28,gsc_soft404
/useful-odekake-collectibles/,2026-02-26,gsc_soft404
/using-the-right-gloves-to-combat-the-corona/,2026-03-07,gsc_soft404
/usiqlo-01/,2026-04-01,gsc_soft404
/utilize-what-you-have-now/,2026-03-05,gsc_soft404
/valentine_card/,2026-03-02,gsc_soft404
/various-sensibilities-spreading-from-color-sense/,2026-02-28,gsc_soft404
/vegetable-cake/,2026-02-28,gsc_soft404
/vegetable-dislikes-picture-books-fuyumono-for-overcoming/,2026-03-01,gsc_soft404
/video-whats-the-glowing-tapioca-thats-the-mightiest-inster-dlink/,2026-03-02,gsc_soft404
/wakuwaku-wa-wakaku-no-kobuta-the-book-of-the-dust-is-more-enjoyable-than-the-usual-sobiki-kobuta-the-book-of/,2026-02-28,gsc_soft404
/washing-scissors-are-useful-for-changing-diapers/,2026-03-02,gsc_soft404
/water-gets-icy-at-the-instant-in-a-chemistry-experiment/,2026-02-28,gsc_soft404
/wedding-help/,2026-03-05,gsc_soft404
/what-about-the-kindergarten-interviewmama-and-childs-interview-guide/,2026-03-01,gsc_soft404
/what-are-babies-looking-at/,2026-03-02,gsc_soft404
/what-are-the-symptoms-of-the-childs-developmental-disorder-lack-of-attention-or-adhd/,2026-02-28,gsc_soft404
/what-are-the-three-coats-to-reduce-the-burden-of-long-distances-for-small-children/,2026-02-28,gsc_soft404
/what-do-i-do-with-a-child-who-doesnt-listen-to-me/,2026-03-05,gsc_soft404
/what-do-we-do-with-the-childs-polarizationa-cause-of-likes-and-dislikes/,2026-03-05,gsc_soft404
/what-do-you-do-with-your-children-and-eating-out/,2026-02-28,gsc_soft404
/what-do-you-mean-for-you-to-be-absent/,2026-03-05,gsc_soft404
/what-if-a-child-happens-to-have-a-hot-convulsal-break-when-you-wake-up-the-heat-first-of-all-you-can-shoot-it-in-the-video/,2026-03-12,gsc_soft404
/what-if-the-babys-going-to-heat-up-im-going-to-the-hospital-im-not-going-border-line-and-body-temperature-control/,2026-02-27,gsc_soft404
/what-is-100-days-of-the-days-that-are-on-the-rise-in-childrendont-get-vaccinated-early/,2026-02-26,gsc_soft404
/what-is-important-for-learning-is-output/,2026-03-13,gsc_soft404
/what-is-important-for-my-child-to-live-in-his-own-way/,2026-03-02,gsc_soft404
/what-is-the-basic-lifestyle-what-do-parents-do/,2026-02-26,gsc_soft404
/what-is-the-child-carelearn-more-about-services-that-can-be-checked-into-hospitals-even-when-influenza-pandemics-are-available/,2026-03-05,gsc_soft404
/what-is-the-growth-effect-of-the-buildinga-playway-that-enhances-the-concentration-or-thought/,2026-03-03,gsc_soft404
/what-is-the-nutrition-of-game/,2026-02-28,gsc_soft404
/what-is-the-safe-use-of-the-stoveyou-can-use-a-stoves-guard/,2026-02-28,gsc_soft404
/what-shines-with-black-light/,2026-03-01,gsc_soft404
/what-to-do-if-you-become-pregnant/,2026-02-28,gsc_soft404
/what-to-do-when-you-dislike-practice-in-a-piano-lesson/,2026-03-01,gsc_soft404
/what-was-useful-during-a-disaster/,2026-03-02,gsc_soft404
/what-will-change-in-elementary-school-curriculum-changesthe-one-that-changes-according-to-the-workshop-system-what-are-the-benefits-of-children/,2026-03-02,gsc_soft404
/whats-post-childbirth-crisispregnancy-is-a-change-in-moms-feelings-after-childbirth/,2026-03-05,gsc_soft404
/whats-the-allergic-reaction-to-that-maybe-its-a-helmet/,2026-03-03,gsc_soft404
/whats-wrong-with-old/,2026-02-28,gsc_soft404
/when-a-child-does-not-readily-eat-rice/,2026-03-05,gsc_soft404
/when-a-child-gets-a-phone-call-while-hes-away/,2026-03-05,gsc_soft404
/when-brotherhood-fighting-begins/,2026-03-01,gsc_soft404
/when-did-he-come-from/,2026-03-02,gsc_soft404
/when-did-you-get-early-symptoms-of-pregnancythe-survey-also-shows-the-view-of-the-results-of-a-pregnancy-test/,2026-03-01,gsc_soft404
/when-i-want-to-cry/,2026-02-26,gsc_soft404
/when-is-the-pregnancy-stable-periodwell-show-you-in-a-stable-period-three-notes-and-a-description-of-the-baby/,2026-03-12,gsc_soft404
/when-should-i-have-a-breast-milk/,2026-03-06,gsc_soft404
/when-to-do-a-cesarean-section/,2026-02-28,gsc_soft404
/which-paper-diaper-is-better/,2026-03-05,gsc_soft404
/why-are-you-mistaken-for-exam-preparation/,2026-02-26,gsc_soft404
/why-do-babies-cry-cause-to/,2026-02-26,gsc_soft404
/why-do-not-you-start-your-childs-english-conversation-at-home/,2026-03-01,gsc_soft404
/why-dont-you-go-to-kindergarten-and-get-a-cold-do-you-think-the-number-of-preventative-intake-is-different-by-vaccines/,2026-03-05,gsc_soft404
/wind-bell-with-pet-bottle/,2026-03-07,gsc_soft404
/windmill-making-with-milk-carton/,2026-03-01,gsc_soft404
/windmill-making-with-milk-carton/20171229_150733-300x169/,2026-03-01,gsc_soft404
/with-a-free-learning-print-everyday-study-habits/,2026-03-02,gsc_soft404
/with-mild-cerebral-palsy/,2026-02-26,gsc_soft404
/without-hesitation-on-the-drawing-board/,2026-03-01,gsc_soft404
/workshop-picture-book/,2026-02-26,gsc_soft404
/would-you-like-to-read-a-picture-book-for-the-night-of-the-day-one-of-your-op-picture-books/,2026-03-31,gsc_soft404
/you-know-in-the-latest-sciencethe-secret-and-the-solution-of-the-mindsight/,2026-02-26,gsc_soft404
/you-will-be-able-to-write-hiragana-and-katakana/,2026-02-28,gsc_soft404
/zoo-with-children/,2026-02-28,gsc_soft404
